text,label
I'm curious — what surprised you most in what you've heard so far?,0
What would it mean to solve this in a way that surprises people?,0
Conduct a two-minute empathy interview with the person next to you.,1
Document the minimum viable product scope before starting development.,1
I'm curious what would need to be true for this direction to feel risky in a good way.,0
How might we make room for serendipity in the user's experience?,0
Perform a card sorting exercise to understand the user's mental model.,1
Assign each team member a specific role in the usability test.,1
Create a user persona before we proceed to ideation.,1
What would surprise us most to discover about how users actually use this?,0
I'm curious what a ten-year-old would think of this solution.,0
Now we move to evaluation — rank the ideas by feasibility and impact.,1
I'm curious what draws you to that constraint — is it real or imagined?,0
Write your reframe question before generating any solutions.,1
What would you want to explore if you had unlimited time and resources?,0
I wonder if there's a deeper need beneath what we've been discussing.,0
How might we make space for ideas that don't fit our current frame?,0
Start with the user journey map and fill in all the pain points.,1
Apply the jobs-to-be-done interview format with open-ended questions.,1
What's the thing about this problem that makes you most uncomfortable?,0
How might we test that belief before committing to it?,0
Write the acceptance criteria for each user story in your backlog.,1
What would it mean to design from a place of genuine curiosity?,0
Conduct a stakeholder map to identify all people affected by your design.,1
Conduct a dot-voting exercise to prioritize the top design opportunities.,1
Create a prototype that fails fast so we can learn quickly.,1
What's the conversation the user is having with themselves when they encounter this?,0
How might we approach this with a beginner's mind?,0
Use design criteria to evaluate which concept best meets user needs.,1
"Write a user story for each feature in the format: as a user, I want...",1
"Build a paper prototype in the next eight minutes, then swap and test.",1
What would it look like if this worked better than anyone expected?,0
What's the most generous interpretation of the user's behavior we could take?,0
"Let's debrief using the what, so what, now what framework.",1
What's the smallest thing we could change that might have the biggest impact?,0
Use the HEART metrics framework to define success for your product.,1
Document your insights as HMW questions before moving to ideation.,1
Let's time-box this discussion to three minutes and then decide.,1
I wonder how someone from a completely different field would approach this.,0
Perform a risk assessment of your top concept using a likelihood-impact grid.,1
Sketch three different concepts in the next five minutes.,1
Use co-creation methods to involve users directly in design.,1
I wonder if we're solving the right problem or the most visible one.,0
Create an annotated wireframe with design rationale for each decision.,1
How might we design this to work at the margins of human capability?,0
How might we hold space for the ideas that feel uncertain right now?,0
How might we make the invisible visible in this design?,0
Use the 5 Whys technique to dig into the root cause.,1
Map out the complete user journey from awareness to retention.,1
How might we design with the impermanence of this solution in mind?,0
Perform a competitive analysis of at least three existing solutions.,1
"Apply the double diamond: discover, define, develop, deliver.",1
What do you imagine the user is feeling before they even encounter this solution?,0
Create a customer journey map that covers all five stages of experience.,1
I'm curious — whose perspective haven't we heard yet in this conversation?,0
What's the possibility that excites you most about this direction?,0
Summarize your key insights in a two-by-two opportunity matrix.,1
What's the thing this design most needs to be true for users to trust it?,0
"What's the assumption that, if wrong, would change everything?",0
Write down three non-obvious users who might benefit from your solution.,1
What's the narrative the user tells themselves about this kind of experience?,0
Each group must present a two-minute pitch of their concept.,1
Prioritize your ideas using an impact-effort matrix on the whiteboard.,1
Perform a content audit before redesigning the information architecture.,1
I wonder what this design would look like if optimized for trust rather than engagement.,0
Define the success metrics for your solution before prototyping.,1
How might we design this to be worthy of the user's trust?,0
What would success actually look like for the people we're designing for?,0
Document your assumptions using the assumption mapping template.,1
How might we honor the diversity of needs across the people we're designing for?,0
How might we bring more of the user's lived experience into this conversation?,0
How might we create a sense of possibility rather than certainty in this design?,0
We need to move into the prototyping phase — everyone pick one concept.,1
Build and test a low-fidelity wireframe of your digital interface.,1
How might we reframe this as an opportunity rather than a problem?,0
What would feel like a breakthrough for the team right now?,0
How might we create conditions for the team to think more freely?,0
Identify the riskiest assumption in your concept and test it first.,1
What would feel like the most honest version of this solution?,0
Use the concept selection matrix to evaluate your three ideas.,1
How might we build on the tension between those two perspectives?,0
"Use the kano model to classify features as basic, performance, or delighters.",1
Conduct a brief user test with at least two people before we reconvene.,1
Write the problem statement on the whiteboard before we continue.,1
I'm curious what feels alive for the team in this conversation.,0
What would it mean for this design to truly respect the user's time and attention?,0
Let's do a rapid brainwriting exercise — write ideas silently for two minutes.,1
"Assign roles now: timekeeper, note-taker, presenter, and facilitator.",1
What would a radically different solution look like?,0
Use the how-might-we template to reframe your problem statement.,1
We are moving to convergence — select the one idea to develop further.,1
I'm curious what unmet need sits just beneath the surface of what we've been discussing.,0
What would a user with very different needs teach us about our solution?,0
What feels most important to you right now?,0
How might we use what we don't know as an asset rather than a liability?,0
Break into pairs and build a paper prototype of your concept.,1
Use the lotus blossom technique to generate 64 ideas from 8 themes.,1
How might we look at this from the user's perspective?,0
How might we design this in a way that grows with the user over time?,0
Let's use affinity mapping to cluster these ideas right now.,1
What would it mean for this design to create conditions for flourishing?,0
What would it mean to center care in the design process itself?,0
Use the iceberg model to surface hidden assumptions in your design.,1
What might we be missing because of our own assumptions?,0
Conduct a speed dating session with five different prototypes.,1
Write a point of view statement that captures the user's core need.,1
What would it mean to trust the user's own sense of what they need?,0
Build a minimum viable prototype in the next ten minutes.,1
Organize your insights into themes using affinity clustering now.,1
What's the most unexpected direction we could take this?,0
How might we hold the tension between novelty and familiarity in this design?,0
What's the aspect of this challenge that still feels most alive and uncertain?,0
Apply the IDEO deep dive process starting with user observation.,1
Start prototyping now — use the materials on the table.,1
I'm curious what it would mean to solve this in a way that feels joyful.,0
I wonder what the user is actually trying to accomplish beyond the task.,0
Use the point of view madlib: [user] needs [need] because [insight].,1
How might this look from the perspective of someone who is completely new to this?,0
Apply the value chain analysis to identify where your solution adds value.,1
"Write the problem statement, solution statement, and success metric now.",1
Create an experience prototype that simulates the user interaction.,1
Apply systemic design thinking to map all interdependencies.,1
How might we approach this if we started completely from scratch?,0
What would change if we were designing for the most marginalized user?,0
Use the business model canvas to map out revenue and cost structures.,1
Use bodystorming to physically act out the user experience scenario.,1
I wonder what the most hopeful version of this outcome would look like.,0
I wonder what the experience feels like from inside the user's emotional state.,0
Apply the jobs-to-be-done framework to articulate the user need.,1
Apply design principles from established HCI guidelines to your prototype.,1
What would it mean to design for the long arc of a user's relationship with this?,0
"Use the crazy eights technique — eight ideas in eight minutes, go.",1
How might we honor the complexity of the problem without oversimplifying?,0
Go around the room and each person share one insight.,1
What would change if we truly put the user's experience at the center?,0
Build a service blueprint that maps frontstage and backstage activities.,1
I'm curious what this idea would need to become to feel truly valuable.,0
How might we think about the second-order effects of this design decision?,0
How might we use the friction in this problem as generative material?,0
I'm curious what this design would need to unlearn from existing solutions.,0
Document your design decisions and rationale in the decision log.,1
Conduct a think-aloud protocol usability test with your prototype.,1
Write your hypothesis statement using the format: we believe that...,1
Everyone vote on the top two ideas using dot stickers.,1
I'm curious what drew you to that particular direction.,0
Build a functional flow diagram before starting interface design.,1
"Apply the four actions framework: eliminate, reduce, raise, create.",1
What's the thing that would make this feel genuinely different rather than just new?,0
What's the doubt you're holding about this direction that might be worth listening to?,0
Apply the jobs-to-be-done theory to segment your user population.,1
We will now do a round-robin where each person adds one idea.,1
Each team must complete a SCAMPER analysis on their concept.,1
"Use the design sprint process: map, sketch, decide, prototype, test.",1
I'm curious what would feel truly generous about this solution.,0
How might this design create a sense of belonging for the people using it?,0
Fill in the business model canvas for your proposed solution.,1
Conduct a five-second test of your interface with a fresh user.,1
I wonder what would feel most human about this design.,0
What would you want to learn more about before feeling confident in this direction?,0
What would it mean to build something that helps people need it less over time?,0
How might we design for the moments when things go wrong?,0
Build a functional prototype that tests your core value proposition.,1
Use rapid scenario planning to test your concept against three futures.,1
What's the tension you're feeling between these two ideas?,0
"Let's do a structured critique using the I like, I wish, what if format.",1
What would it mean for this solution to create more questions than it answers?,0
Perform a heuristic evaluation of your prototype against Nielsen's ten principles.,1
Use the six thinking hats method to evaluate your concept systematically.,1
Create a Gantt chart for your design sprint activities this week.,1
"Everyone must write one question, one observation, and one insight.",1
Create a value proposition canvas for your target user segment.,1
How might we explore the edges of this problem rather than its center?,0
How might we design this to strengthen the user's own agency?,0
What do you think might be driving the user's behavior beneath the surface?,0
"Use rapid iteration: build, test, and refine in twenty-minute cycles.",1
How might we invite a different kind of thinking into this conversation?,0
I wonder what this problem would look like if we saw it as a gift.,0
Write down your top three user needs on sticky notes.,1
"Apply the SCAMPER method: substitute, combine, adapt, modify, put to other uses.",1
How might we design this to feel like it already belongs in the user's life?,0
I wonder what would happen if we made the opposite assumption.,0
I wonder what's beneath the user's stated preference.,0
What if we didn't have any of the constraints we've been assuming?,0
I wonder what assumptions we might be making here.,0
How might we make this experience feel more human?,0
Perform an impact mapping exercise to connect goals to deliverables.,1
Use a decision matrix to select between your top three concepts.,1
What's the question we haven't asked yet that might unlock something?,0
What's the aspect of this design that still has the most room to surprise us?,0
Draw a storyboard of the user experience for your concept.,1
I'm curious what you're protecting by not exploring that idea further.,0
Build a technical feasibility matrix before committing to a concept.,1
I wonder what we haven't considered yet.,0
Document all assumptions on sticky notes and put them on the wall.,1
Conduct a competitive matrix comparing five dimensions of your solution.,1
I wonder what would happen if we made the solution invisible.,0
I'm curious — what's the thing that's nagging at you about this?,0
